{
  "a": 22.565162345287774,
  "b": 948.6263620151074
}