{
  "a": 22.738244360562412,
  "b": 948.7300762990124
}