{
  "a": 22.756323410398302,
  "b": 940.1178677517779
}