{
  "a": 22.787550015303232,
  "b": 941.187511697592
}