{
  "a": 22.497755911278674,
  "b": 941.701480943373
}