{
  "mean": [
    3.4409566517189836,
    2523.318385650224,
    450584.16553064284,
    38.6711509715994
  ],
  "scale": [
    1.127796499511006,
    863.3263851004137,
    162870.45856800192,
    20.213570202945462
  ]
}